form	lemma	POS	morph
༄༅།		PUNCT
		
།		PUNCT
ཚོགས་མཆོད་	ཚོགས་མཆོད་	NOUN
ཡེ་ཤེས་	ཡེ་ཤེས་	NOUN
དཔལ་	དཔལ་	OTHER
སྟེར་	སྟེར་	VERB
བཞུགས་	བཞུགས་	VERB
སོ་	གོ་	PART
།		PUNCT
		
།		PUNCT
རང་རིག་	རང་རིག་	NO_POS
བླ་མ་	བླ་མ་	NOUN
བདེ་ཆེན་	བདེ་ཆེན་	NOUN
གཙོ་	གཙོ་	NOUN
།		PUNCT
		
།		PUNCT
དཀྱིལ་འཁོར་	དཀྱིལ་འཁོར་	NOUN
བདག་པོ་	བདག་པོ་	NOUN
ར་	ལ་	PART
གུ་	གུ་	VERB
བཏུད་	བཏུད་	NO_POS
ན་	ནས་	PART
།		PUNCT
		
།		PUNCT
ཟབ་མོ་	ཟབ་མོ་	ADJ
བླ་མ་	བླ་མ་	NOUN
འི་	གི་	PART
རྣལ་འབྱོར་	རྣལ་འབྱོར་	NOUN
གྱི་	གི་	PART
།		PUNCT
		
།		PUNCT
ཚོགས་མཆོད་	ཚོགས་མཆོད་	NOUN
ཡེ་ཤེས་	ཡེ་ཤེས་	NOUN
དཔལ་	དཔལ་	OTHER
སྟེར་	སྟེར་	VERB
དབྱེ་	དབྱེ་	VERB
"།
།"		PUNCT
དེ་	སྟེ་	PART
ལ་	ལ་	PART
འདི་	འདི་	DET
ར་	ལ་	PART
དབང་	དབང་	NOUN
ཐོབ་	ཐོབ་	VERB
ཅིང་	ཅིང་	PART
དད་པ་	དད་པ་	VERB
དང་	དང་	NO_POS
དམ་ཚིག་	དམ་ཚིག་	NOUN
ལྡན་པ་	ལྡན་པ་	VERB
འི་	གི་	PART
རྣལ་འབྱོར་པ་	རྣལ་འབྱོར་པ་	NOUN
ས་	གིས་	PART
ཚོགས་	ཚོགས་	NOUN
ཀྱི་	གི་	PART
ཡོ་བྱད་	ཡོ་བྱད་	NOUN
མ་	མ་	PART
དཱ་		NON_WORD
ན་	ལ་	PART
དང་	དང་	NO_POS
།		PUNCT
		
བཱ་	བཱ་	NO_POS
ལ་སོགས་	ལ་སོགས་	NO_POS
ཐབས་ཤེས་	ཐབས་ཤེས་	NOUN
ཀྱི་	གི་	PART
རྫ་	རྫ་	NOUN
ཅི་	ཅི་	NO_POS
འབྱོར་བ་	འབྱོར་བ་	VERB
བཤམས་	བཤམས་	NO_POS
ལ་	ལ་	PART
ཆུ་	ཆུ་	NOUN
ཆང་	ཆང་	NOUN
གིས་	གིས་	PART
བྲན་	བྲན་	NOUN
།		PUNCT
རྃ་		NON_WORD
ཡྃ་		NON_WORD
ཁྃ་		NON_WORD
།		PUNCT
		
ཕྱི་	ཕྱི་	NOUN
སྣོད་	སྣོད་	NOUN
བདེ་ཆེན་	བདེ་ཆེན་	NOUN
ཀ་པཱ་ལ་	ཀ་པཱ་ལ་	NOUN
།		PUNCT
		
།		PUNCT
ནང་	ནང་	NOUN
བཅུད་	བཅུད་	NOUN
ཡེ་ཤེས་	ཡེ་ཤེས་	NOUN
ཚོགས་གཏོར་	ཚོགས་གཏོར་	NOUN
ཆེ་	ཆེ་	VERB
།		PUNCT
		
།		PUNCT
ཟག་མེད་	ཟག་མེད་	ADJ
བདུད་རྩི་	བདུད་རྩི་	NOUN
འི་	གི་	PART
སྤྲིན་ཆེན་པོ་	སྤྲིན་ཆེན་པོ་	OTHER
།		PUNCT
		
།		PUNCT
འདོད་ཡོན་	འདོད་ཡོན་	NOUN
ནམ་མཁའ་	ནམ་མཁའ་	NOUN
ཁྱབ་པ་	ཁྱབ་པ་	VERB
ར་	ལ་	PART
སྤེལ་	སྤེལ་	VERB
།		PUNCT
		
།		PUNCT
ཨོཾ་	ཨོཾ་	X
ཨཱཿ་		NON_WORD
ཧཱུྃ་		NON_WORD
ཧ་	ཧ་	NOUN
ཧོ་	ཧོ་	NO_POS
ཧྲཱིཿ་		NON_WORD
ལན་	ལན་	NOUN
གསུམ་	གསུམ་	NUM
བརྗོད་	བརྗོད་	VERB
།		PUNCT
ཚོགས་	ཚོགས་	NOUN
ཞིང་	ཅིང་	PART
སྤྱན་	སྤྱན་	NOUN
འདྲེན་པ་	འདྲེན་པ་	VERB
ནི་	ནི་	NO_POS
།		PUNCT
སྐུ་གསུམ་	སྐུ་གསུམ་	OTHER
ཞིང་ཁམས་	ཞིང་ཁམས་	NOUN
རབ་འབྱམས་	རབ་འབྱམས་	ADJ
ན་	ནས་	PART
།		PUNCT
		
།		PUNCT
བླ་མ་	བླ་མ་	NOUN
ཡི་དམ་	ཡི་དམ་	NOUN
མཁའ་འགྲོ་	མཁའ་འགྲོ་	NOUN
འི་	གི་	PART
ཚོགས་	ཚོགས་	NOUN
།		PUNCT
		
།		PUNCT
འདི་	འདི་	DET
ར་	ལ་	PART
གཤེགས་	གཤེགས་	VERB
ཚོགས་	ཚོགས་	NOUN
ལ་	ལ་	PART
བྱིན་	བྱིན་	VERB
ཆེན་	ཆེན་	NO_POS
ཕོབ་	ཕོབ་	VERB
།		PUNCT
		
།		PUNCT
རྣལ་འབྱོར་	རྣལ་འབྱོར་	NOUN
རིག་པ་	རིག་པ་	VERB
འི་	གི་	PART
ཉམས་རྟོགས་	ཉམས་རྟོགས་	NOUN
སྤོ་		
།		PUNCT
		
།		PUNCT
རྩ་	རྩ་	NUM
རླུང་	རླུང་	NOUN
ཐིག་ལེ་	ཐིག་ལེ་	NOUN
ར་	ལ་	PART
བྱིན་	བྱིན་	VERB
རློབས་	རློབས་	VERB
ལ་	ལ་	PART
།		PUNCT
		
།		PUNCT
མཆོག་	མཆོག་	ADJ
དང་	དང་	NO_POS
ཐུན་མོང་	ཐུན་མོང་	ADJ
དངོས་གྲུབ་	དངོས་གྲུབ་	NOUN
སྩོལ་	སྩོལ་	VERB
།		PUNCT
		
།		PUNCT
ཨོཾ་	ཨོཾ་	X
མ་	མ་	PART
ཧཱ་		NON_WORD
གུ་རུ་	གུ་རུ་	PROPN
བཛྲ་	བཛྲ་	NO_POS
ས་	ས་	ADP
མཱ་	མཱ་	NO_POS
ཛཿ་		NON_WORD
		
ཛཿ་		NON_WORD
ཧཱུྃ་		NON_WORD
བཾ་		NON_WORD
ཧོཿ་		NON_WORD
ཚོགས་	ཚོགས་	NOUN
ཕུད་	ཕུད་	NO_POS
རིམ་པ་	རིམ་པ་	NOUN
གསུམ་	གསུམ་	NUM
སྤྲོས་	སྤྲོས་	VERB
ལ་	ལ་	PART
།		PUNCT
		
དང་པོ་	དང་པོ་	ADJ
མཆོད་པ་	མཆོད་པ་	VERB
ནི་	ནི་	NO_POS
།		PUNCT
ཨོཾ་	ཨོཾ་	X
ཨཱཿ་		NON_WORD
ཧཱུྃ་		NON_WORD
།		PUNCT
		
བླ་མེད་	བླ་མེད་	ADJ
ཚོགས་	ཚོགས་	NOUN
ཀྱི་	གི་	PART
མཆོད་པ་	མཆོད་པ་	VERB
ནི་	ནི་	NO_POS
།		PUNCT
		
།		PUNCT
ཡེ་ཤེས་	ཡེ་ཤེས་	NOUN
རྣམ་	རྣམ་	NOUN
ལྔ་	ལྔ་	NUM
འི་	གི་	PART
འོད་ཟེར་	འོད་ཟེར་	NOUN
འཕྲོ་	འཕྲོ་	NOUN
།		PUNCT
		
།		PUNCT
བླ་མ་	བླ་མ་	NOUN
སྐུ་བཞི་	སྐུ་བཞི་	OTHER
འི་	གི་	PART
དཀྱིལ་འཁོར་	དཀྱིལ་འཁོར་	NOUN
རྣམས་	རྣམས་	DET
།		PUNCT
		
།		PUNCT
ཚོགས་	ཚོགས་	NOUN
ཀྱི་	གི་	PART
མཆོད་པ་	མཆོད་པ་	VERB
ས་	གིས་	PART
མཉེས་	མཉེས་	VERB
གྱུར་ཅིག་	གྱུར་ཅིག་	NO_POS
		
།		PUNCT
བར་པ་	བར་པ་	NOUN
བསྐང་	བསྐང་	NO_POS
ཞིང་	ཅིང་	PART
བཤགས་པ་	བཤགས་པ་	VERB
ནི་	ནི་	NO_POS
།		PUNCT
ཧཱུྃ་		NON_WORD
ཧྲཱིཿ་		NON_WORD
		
འོག་མིན་	འོག་མིན་	PROPN
གསང་	གསང་	VERB
མཆོག་	མཆོག་	ADJ
ཞིང་ཁམས་	ཞིང་ཁམས་	NOUN
ཆེ་	ཆེ་	VERB
ར་	ལ་	PART
།		PUNCT
		
།		PUNCT
དབྱིངས་	དབྱིངས་	NOUN
ཀྱི་	གི་	PART
བྷནྡྷ་		NON_WORD
རྒྱ་	རྒྱ་	NOUN
རེ་	རེ་	DET
ཡངས་	ཡངས་	VERB
།		PUNCT
		
།		PUNCT
ཚོགས་གཏོར་	ཚོགས་གཏོར་	NOUN
འདོད་ཡོན་	འདོད་ཡོན་	NOUN
བཅུད་	བཅུད་	NOUN
རེ་	རེ་	DET
ཆེ་	ཆེ་	VERB
།		PUNCT
		
།		PUNCT
རྣལ་འབྱོར་	རྣལ་འབྱོར་	NOUN
རིག་པ་	རིག་པ་	VERB
དྭངས་	དྭངས་	NO_POS
རེ་	རེ་	DET
སྤྲོ་	སྤྲོ་	NO_POS
།		PUNCT
		
།		PUNCT
རིག་རྩལ་	རིག་རྩལ་	OTHER
ཀུན་བཟང་	ཀུན་བཟང་	ADJ
མཁའ་ཁྱབ་	མཁའ་ཁྱབ་	NOUN
སྤྲིན་	སྤྲིན་	NOUN
།		PUNCT
		
།		PUNCT
ཕྱི་	ཕྱི་	NOUN
ནང་	ནང་	NOUN
གསང་	གསང་	VERB
མཆོད་	མཆོད་	VERB
དཔག་ཡས་	དཔག་ཡས་	NO_POS
ཀྱིས་	གིས་	PART
།		PUNCT
		
།		PUNCT
བླ་མ་	བླ་མ་	NOUN
སྐུ་བཞི་	སྐུ་བཞི་	OTHER
འི་	གི་	PART
ལྷ་ཚོགས་	ལྷ་ཚོགས་	NOUN
རྣམས་	རྣམས་	DET
།		PUNCT
		
།		PUNCT
ཐུགས་དམ་	ཐུགས་དམ་	NOUN
གཉེན་པོ་	གཉེན་པོ་	NOUN
དགྱེས་པ་	དགྱེས་པ་	VERB
ར་	ལ་	PART
བསྐང་	བསྐང་	NO_POS
།		PUNCT
		
།		PUNCT
བདག་ཅག་	བདག་ཅག་	PRON
མི་	མི་	PART
ཤེ་	ཤེ་	VERB
གཏི་མུག་པ་	གཏི་མུག་པ་	NOUN
ས་	གིས་	PART
།		PUNCT
		
།		PUNCT
བསགས་པ་	བསགས་པ་	VERB
འི་	གི་	PART
སྡིག་སྒྲིབ་	སྡིག་སྒྲིབ་	NOUN
ཉེས་ལྟུང་	ཉེས་ལྟུང་	NOUN
ཀུན་	ཀུན་	DET
།		PUNCT
		
།		PUNCT
དམ་རྫས་	དམ་རྫས་	NOUN
ཚོགས་	ཚོགས་	NOUN
ཀྱི་	གི་	PART
མཆོད་པ་	མཆོད་པ་	VERB
ས་	གིས་	PART
བཤགས་	བཤགས་	NO_POS
།		PUNCT
		
།		PUNCT
དག་	དག་	DET
ཅིང་	ཅིང་	PART
ཚངས་པ་	ཚངས་པ་	PROPN
ར་	ལ་	PART
སྩལ་	སྩལ་	VERB
དུ་	ལ་	PART
གསོལ་	གསོལ་	VERB
།		PUNCT
		
།		PUNCT
བཛྲ་	བཛྲ་	NO_POS
ས་	ས་	ADP
མཱ་	མཱ་	NO_POS
ཡ་	ཡ་	NOUN
ཨཿ་	ཨཿ་	NO_POS
ཡིག་བརྒྱ་	ཡིག་བརྒྱ་	NO_POS
བརྗོད་	བརྗོད་	VERB
།		PUNCT
		
ཐ་མ་	ཐ་མ་	ADJ
བསྒྲལ་	བསྒྲལ་	NO_POS
བསྟབ་	བསྟབ་	NO_POS
ནི་	ནི་	NO_POS
།		PUNCT
ཨེ་	ཨེ་	PART
དབྱིངས་	དབྱིངས་	NOUN
འབར་བ་	འབར་བ་	VERB
འི་	གི་	PART
ཧོམ་ཁུང་	ཧོམ་ཁུང་	NOUN
དུ་	ལ་	PART
།		PUNCT
		
།		PUNCT
གཉིས་	གཉིས་	NUM
འཛིན་	འཛིན་	VERB
རྟོག་པ་	རྟོག་པ་	VERB
འི་	གི་	PART
རུ་	ལ་	PART
ཏྲ་		NON_WORD
བཀུག་	བཀུག་	VERB
		
།		PUNCT
བདག་མེད་	བདག་མེད་	ADJ
ཕུར་བུ་	ཕུར་བུ་	PROPN
འི་	གི་	PART
མཚོན་	མཚོན་	NOUN
གྱིས་	གིས་	PART
བསྒྲལ་	བསྒྲལ་	NO_POS
།		PUNCT
		
།		PUNCT
ཡེ་ཤེས་	ཡེ་ཤེས་	NOUN
རབ་	རབ་	ADV
འབའ་	འབའ་	VERB
ཞལ་	ཞལ་	NOUN
དུ་	ལ་	PART
བསྟབ་	བསྟབ་	NO_POS
།		PUNCT
		
།		PUNCT
མ་	མ་	PART
ཏྲཾ་		NON_WORD
རུ་	ལ་	PART
ཏྲ་		NON_WORD
མཱ་	མཱ་	NO_POS
ར་	ར་	ADP
ཡ་	ཡ་	NOUN
རྦད་	རྦད་	OTHER
།		PUNCT
		
ཨི་	ཨི་	NO_POS
དམ་བ་	དམ་བ་	PART
ལིང་	ལིང་	ADV
ཏ་	ཏ་	OTHER
ཁ་ཁ་	ཁ་ཁ་	NOUN
ཁཱ་		NON_WORD
ཧི་	ཧི་	NO_POS
།		PUNCT
ཕུང་	ཕུང་	VERB
ཁམས་	ཁམས་	NOUN
སྐྱེ་མཆེད་	སྐྱེ་མཆེད་	NOUN
ལྷ་	ལྷ་	NOUN
ར་	ལ་	PART
གསལ་	གསལ་	VERB
བཞིན་	བཞིན་	NOUN
།		PUNCT
		
།		PUNCT
ཡེ་ཤེས་	ཡེ་ཤེས་	NOUN
ལ་	ལ་	PART
ནི་	ནི་	NO_POS
ཡེ་ཤེས་	ཡེ་ཤེས་	NOUN
རོལ་	རོལ་	VERB
།		PUNCT
		
།		PUNCT
ཚོགས་	ཚོགས་	NOUN
ལ་	ལ་	PART
ལོངས་སྤྱོད་	ལོངས་སྤྱོད་	NOUN
མཐ་	མཐའ་	NOUN
ར་	ལ་	PART
།		PUNCT
ཧོཿ་		NON_WORD
		
རིག་འཛིན་	རིག་འཛིན་	OTHER
བླ་མ་	བླ་མ་	NOUN
འི་	གི་	PART
ལྷ་ཚོགས་	ལྷ་ཚོགས་	NOUN
ལ་	ལ་	PART
།		PUNCT
		
།		PUNCT
ཚོགས་	ཚོགས་	NOUN
ཀྱི་	གི་	PART
མཆོད་པ་	མཆོད་པ་	VERB
ཕུལ་བ་	ཕུལ་བ་	VERB
ཡི་	གིས་	PART
།		PUNCT
		
།		PUNCT
བདག་གཞན་	བདག་གཞན་	NOUN
འགྲོ་བ་	འགྲོ་བ་	VERB
མ་ལུས་པ་	མ་ལུས་པ་	OTHER
།		PUNCT
		
།		PUNCT
དཀྱིལ་འཁོར་	དཀྱིལ་འཁོར་	NOUN
གཅིག་	གཅིག་	NUM
ཏུ་	ལ་	PART
འགྲུབ་པ་	འགྲུབ་པ་	VERB
ར་	ལ་	PART
ཤོག་	ཤོག་	VERB
		
།		PUNCT
ཅེས་	ཅེས་	PART
སྨོན་ལམ་	སྨོན་ལམ་	NOUN
བཏབ་	བཏབ་	VERB
།		PUNCT
		
ལྷག་མ་	ལྷག་མ་	NOUN
བསྡུ་	བསྡུ་	VERB
ལ་ཁ་	ལ་ཁ་	NOUN
ཆུ་	ཆུ་	NOUN
བྲན་	བྲན་	NOUN
།		PUNCT
ཕཻཾ་		NON_WORD
།		PUNCT
		
ལྷག་	ལྷག་	NOUN
ལ་	ལ་	PART
དབང་བ་	དབང་བ་	VERB
འི་	གི་	PART
བཀའ་	བཀའ་	NOUN
ཉན་	ཉན་	VERB
སྡེ་	སྡེ་	NOUN
།		PUNCT
		
།		PUNCT
མཁའ་འགྲོ་	མཁའ་འགྲོ་	NOUN
གིང་		NON_WORD
ལང་	ལང་	NO_POS
དབང་ཕྱུག་	དབང་ཕྱུག་	NOUN
མ་	མ་	PART
།		PUNCT
		
།		PUNCT
མ་	མ་	PART
བདུན་	བདུན་	NUM
སྲིང་	སྲིང་	NO_POS
བཞི་	བཞི་	NUM
འབའ་	འབའ་	VERB
མ་	མ་	PART
སོགས་	སོགས་	DET
།		PUNCT
		
།		PUNCT
ལྷག་	ལྷག་	NOUN
གཏོ་	གཏོ་	VERB
བཞེས་	བཞེས་	VERB
ལ་	ལ་	PART
ཕྲིན་ལས་	ཕྲིན་ལས་	NOUN
སྒྲུབས་	སྒྲུབས་	VERB
།		PUNCT
		
།		PUNCT
ཨུ་	ཨུ་	NO_POS
ཙྪིཥྚ་བ་	ཙྪིཥྚ་བ་	NON_WORD
ལིང་	ལིང་	ADV
ཏ་	ཏ་	OTHER
ཁཱ་		NON_WORD
ཧི་	ཧི་	NO_POS
།		PUNCT
སྤྲོ་	སྤྲོ་	NO_POS
ན་	ལ་	PART
རྡོ་རྗེ་	རྡོ་རྗེ་	NOUN
འི་	གི་	PART
གླུ་གར་	གླུ་གར་	NOUN
བྱ་	བྱ་	VERB
།		PUNCT
		
།		PUNCT
རྗེས་	རྗེས་	NOUN
ལ་	ལ་	PART
ཆད་ཐོ་	ཆད་ཐོ་	NO_POS
འི་	གི་	PART
གཏོར་མ་	གཏོར་མ་	NOUN
ཕུལ་	ཕུལ་	VERB
།		PUNCT
		
།		PUNCT
ཧཱུྃ་		NON_WORD
ཧྲཱིཿ་		NON_WORD
		
བརྒྱུད་	བརྒྱུད་	NO_POS
གསུམ་	གསུམ་	NUM
རིག་འཛིན་	རིག་འཛིན་	OTHER
བླ་མ་	བླ་མ་	NOUN
ཡི་	གིས་	PART
།		PUNCT
		
།		PUNCT
དམ་	གམ་	PART
ལ་བཏགས་པ་	ལ་བཏགས་པ་	OTHER
འི་	གི་	PART
སྲུང་མ་	སྲུང་མ་	NOUN
རྣམས་	རྣམས་	DET
།		PUNCT
		
།		PUNCT
སྨན་	སྨན་	NOUN
རཀ་		NON_WORD
བདུད་རྩི་	བདུད་རྩི་	NOUN
ས་	གིས་	PART
དགྱེས་པ་	དགྱེས་པ་	VERB
བསྐྱེད་	བསྐྱེད་	VERB
།		PUNCT
		
།		PUNCT
དགྲ་བགེགས་	དགྲ་བགེགས་	OTHER
ཤ་ཁྲག་	ཤ་ཁྲག་	NOUN
གཏོར་མ་	གཏོར་མ་	NOUN
བཞེས་	བཞེས་	VERB
།		PUNCT
		
།		PUNCT
མི་	མི་	PART
མཐུན་	མཐུན་	VERB
འགལ་རྐྱེན་	འགལ་རྐྱེན་	NOUN
བར་ཆད་	བར་ཆད་	NOUN
སྒྲོལ་	སྒྲོལ་	VERB
།		PUNCT
		
།		PUNCT
ཟབ་	ཟབ་	VERB
གཏེར་	གཏེར་	NOUN
བསྟན་པ་	བསྟན་པ་	VERB
རྒྱས་པ་	རྒྱས་པ་	VERB
དང་	དང་	NO_POS
།		PUNCT
		
།		PUNCT
བཅོལ་བ་	བཅོལ་བ་	VERB
འི་	གི་	PART
ཕྲིན་ལས་	ཕྲིན་ལས་	NOUN
འགྲུབ་པ་	འགྲུབ་པ་	VERB
ར་	ལ་	PART
མཛོད་	མཛོད་	NOUN
།		PUNCT
		
།		PUNCT
ས་	ས་	ADP
མ་	མ་	PART
ཡ་	ཡ་	NOUN
ཨ་	ཨ་	X
མྲྀ་		NON_WORD
ཏ་	ཏ་	OTHER
རཀྟ་བ་	རཀྟ་བ་	NON_WORD
ལིང་	ལིང་	ADV
ཏ་	ཏ་	OTHER
ཁཱ་		NON_WORD
ཧི་	ཧི་	NO_POS
།		PUNCT
བཤལ་	བཤལ་	NO_POS
ཆུ་	ཆུ་	VERB
བསྟན་མ་	བསྟན་མ་	NOUN
སྐྱོང་	སྐྱོང་	VERB
ཞིང་	ཅིང་	PART
མཆོད་	མཆོད་	VERB
།		PUNCT
		
།		PUNCT
བྷྱོཿ་		NON_WORD
		
རྟེན་འབྲེལ་	རྟེན་འབྲེལ་	NOUN
བཅུ་གཉིས་	བཅུ་གཉིས་	NO_POS
གནས་	གནས་	NOUN
དག་པ་	དག་པ་	VERB
འི་	གི་	PART
།		PUNCT
		
།		PUNCT
བདེན་	བདེན་	VERB
དོན་	དོན་	NOUN
རྣམ་པ་	རྣམ་པ་	NOUN
བཅུ་གཉིས་	བཅུ་གཉིས་	NO_POS
གཟུགས་	གཟུགས་	NOUN
།		PUNCT
		
།		PUNCT
བོད་	བོད་	PROPN
སྐྱོང་	སྐྱོང་	VERB
བསྟན་མ་	བསྟན་མ་	NOUN
བཅུ་གཉིས་	བཅུ་གཉིས་	NO_POS
ཚོགས་	ཚོགས་	NOUN
།		PUNCT
		
།		PUNCT
འདི་	འདི་	DET
ར་	ལ་	PART
བྱོན་གཏོར་	བྱོན་གཏོར་	NO_POS
མ་	མ་	PART
འི་	གི་	PART
བཤལ་	བཤལ་	NO_POS
ཆུ་	ཆུ་	NOUN
བཞེས་	བཞེས་	VERB
།		PUNCT
		
།		PUNCT
བཅོལ་བ་	བཅོལ་བ་	VERB
འི་	གི་	PART
ལ་	ལ་	ADP
ས་	གིས་	PART
རྣམས་	རྣམས་	DET
འགྲུབ་པ་	འགྲུབ་པ་	VERB
ར་	ལ་	PART
མཛོད་	མཛོད་	NOUN
།		PUNCT
		
།		PUNCT
འཇིག་རྟེན་	འཇིག་རྟེན་	NOUN
བདེ་བ་	བདེ་བ་	VERB
འི་	གི་	PART
ཕྲིན་ལས་	ཕྲིན་ལས་	NOUN
སྤེལ་	སྤེལ་	VERB
།		PUNCT
		
།		PUNCT
རྟག་	རྟག་	VERB
ཏུ་	ལ་	PART
བསྲུང་	བསྲུང་	NO_POS
ཞིང་	ཅིང་	PART
སྐྱོབ་པ་	སྐྱོབ་པ་	VERB
ར་	ལ་	PART
མཛོད་	མཛོད་	NOUN
།		PUNCT
		
།		PUNCT
མ་	མ་	PART
མཱ་	མཱ་	NO_POS
ཧྲཱིང་		NON_WORD
ཧྲཱིང་བ་	ཧྲཱིང་བ་	NON_WORD
ལིང་	ལིང་	ADV
ཏ་	ཏ་	OTHER
ཁཱ་		NON_WORD
ཧི་	ཧི་	NO_POS
༔		PUNCT
རྟ་	རྟ་	NOUN
བྲོ་	བྲོ་	VERB
ནི་	ནི་	NO_POS
།		PUNCT
		
གཏོ་	གཏོ་	VERB
གཞོང་	གཞོང་	NO_POS
ཁ་	ཁ་	PRON
སྦུབས་པ་	སྦུབས་པ་	NO_POS
འི་	གི་	PART
སྟེང་	སྟེང་	NOUN
རྡོ་རྗེ་	རྡོ་རྗེ་	NOUN
འི་	གི་	PART
ཕྱག་རྒྱ་	ཕྱག་རྒྱ་	NOUN
ས་	གིས་	PART
མནན་	མནན་	VERB
།		PUNCT
ཧཱུྃ་		NON_WORD
།		PUNCT
		
རྡོ་རྗེ་	རྡོ་རྗེ་	NOUN
འགུགས་	འགུགས་	NO_POS
བྱེད་	བྱེད་	VERB
ཆེན་པོ་	ཆེན་པོ་	ADJ
ཡི་	གིས་	PART
།		PUNCT
		
།		PUNCT
དམ་སྲི་	དམ་སྲི་	NO_POS
ཐམས་ཅད་	ཐམས་ཅད་	DET
བཀུག་	བཀུག་	VERB
ན་	ནས་	PART
ཀྱང་	ཀྱང་	PART
།		PUNCT
		
།		PUNCT
རི་རབ་	རི་རབ་	PROPN
འབར་བ་	འབར་བ་	VERB
འི་	གི་	PART
འོག་	འོག་	NOUN
ཏུ་	ལ་	PART
མནན་	མནན་	VERB
།		PUNCT
		
།		PUNCT
ནམ་ཡང་	ནམ་ཡང་	OTHER
ལྡང་བ་	ལྡང་བ་	VERB
ར་	ལ་	PART
མ་	མ་	PART
གྱུར་ཅིག་	གྱུར་ཅིག་	NO_POS
		
།		PUNCT
ཡ་མ་	ཡ་མ་	NO_POS
དམ་སྲི་	དམ་སྲི་	NO_POS
སྟྭམ་		NON_WORD
བྷ་	བྷ་	NO_POS
ཡ་	ཡ་	NOUN
ནཾ་		NON_WORD
།		PUNCT
རྗེས་	རྗེས་	NOUN
ལ་	ལ་	PART
མཆོད་བསྟོད་	མཆོད་བསྟོད་	NOUN
དངོས་གྲུབ་	དངོས་གྲུབ་	NOUN
བླང་	བླང་	NO_POS
།		PUNCT
ཧོཿ་		NON_WORD
		
རིག་འཛིན་	རིག་འཛིན་	OTHER
བླ་མ་	བླ་མ་	NOUN
འི་	གི་	PART
ལྷ་ཚོགས་	ལྷ་ཚོགས་	NOUN
ལ་	ལ་	PART
།		PUNCT
		
།		PUNCT
ཕྱི་	ཕྱི་	NOUN
ནང་	ནང་	NOUN
གསང་བ་	གསང་བ་	VERB
འི་	གི་	PART
མཆོད་པ་	མཆོད་པ་	VERB
འབུལ་	འབུལ་	NO_POS
།		PUNCT
		
།		PUNCT
ཡུལ་	ཡུལ་	NOUN
དང་	དང་	NO_POS
དབང་པོ་	དབང་པོ་	NOUN
གཉིས་	གཉིས་	NUM
མེད་	མེད་	VERB
རོལ་	རོལ་	VERB
།		PUNCT
		
།		PUNCT
སྤང་བླང་	སྤང་བླང་	NOUN
འཛིན་	འཛིན་	VERB
བྲལ་	བྲལ་	VERB
ངང་	ངང་	NOUN
དུ་	ལ་	PART
བཞེས་	བཞེས་	VERB
།		PUNCT
		
།		PUNCT
ཨོཾ་	ཨོཾ་	X
བཛྲ་	བཛྲ་	NO_POS
ཨརྒྷཾ་		NON_WORD
ན་	ནས་	PART
ཤཔྡ་		NON_WORD
ར་	ར་	ADP
		
པ་	པ་	PART
ཤཔྡ་		NON_WORD
གནྡྷེ་		NON_WORD
རཱ་	རཱ་	NO_POS
ས་	ས་	ADP
སྤརྴེ་		NON_WORD
མ་	མ་	PART
ཧཱ་		NON_WORD
ཨ་	ཨ་	X
མྲྀ་		NON_WORD
ཏ་	ཏ་	OTHER
རཀྟ་བ་	རཀྟ་བ་	NON_WORD
ལིང་	ལིང་	ADV
ཏ་	ཏ་	OTHER
ཁཱ་		NON_WORD
ཧི་	ཧི་	NO_POS
།		PUNCT
ཧཱུྃ་		NON_WORD
ཧྲཱིཿ་		NON_WORD
		
རང་བྱུང་	རང་བྱུང་	NOUN
འོད་གསལ་	འོད་གསལ་	NOUN
ངང་	ངང་	NOUN
ལས་མ་	ལས་མ་	NO_POS
གཡོ་	གཡོ་	VERB
ཀྱང་	ཀྱང་	PART
།		PUNCT
		
།		PUNCT
མ་	མ་	PART
འགག་	འགག་	VERB
ས་	གིས་	PART
རོལ་པ་	རོལ་པ་	VERB
ལོངས་སྤྱོད་	ལོངས་སྤྱོད་	NOUN
རྫོགས་པ་	རྫོགས་པ་	VERB
འི་	གི་	PART
སྐུ་	སྐུ་	NOUN
།		PUNCT
		
།		PUNCT
ཐུགས་རྗེ་	ཐུགས་རྗེ་	NOUN
གང་	གང་	NO_POS
འདུལ་	འདུལ་	NO_POS
སྤྲུལ་སྐུ་	སྤྲུལ་སྐུ་	NOUN
འི་	གི་	PART
ལྷ་ཚོགས་	ལྷ་ཚོགས་	NOUN
ལ་	ལ་	PART
།		PUNCT
		
།		PUNCT
མི་	མི་	PART
གཡོ་	གཡོ་	VERB
མཉམ་པ་	མཉམ་པ་	VERB
ཆེན་པོ་	ཆེན་པོ་	ADJ
ས་	གིས་	PART
བསྟོད་པ་	བསྟོད་པ་	VERB
ར་	ལ་	PART
བགྱི་	བགྱི་	VERB
།		PUNCT
		
།		PUNCT
ཨོཾ་	ཨོཾ་	X
ཨཱཿ་		NON_WORD
ཧཱུྃ་		NON_WORD
།		PUNCT
		
རིག་འཛིན་	རིག་འཛིན་	OTHER
བླ་མ་	བླ་མ་	NOUN
འི་	གི་	PART
ཐུགས་དམ་	ཐུགས་དམ་	NOUN
དུས་	དུས་	NOUN
ལ་	ལ་	PART
བབ་	བབ་	VERB
།		PUNCT
		
།		PUNCT
བདེ་སྟོང་	བདེ་སྟོང་	NOUN
ཡེ་ཤེས་	ཡེ་ཤེས་	NOUN
ཆེན་པོ་	ཆེན་པོ་	ADJ
འི་	གི་	PART
སྒོ་	སྒོ་	NOUN
ཕྱེ་	ཕྱེ་	VERB
ལ་	ལ་	PART
།		PUNCT
		
།		PUNCT
མཆོག་	མཆོག་	ADJ
དང་	དང་	NO_POS
ཐུན་མོང་	ཐུན་མོང་	ADJ
དངོས་གྲུབ་	དངོས་གྲུབ་	NOUN
མ་ལུས་པ་	མ་ལུས་པ་	OTHER
།		PUNCT
		
།		PUNCT
ད་ལྟ་	ད་ལྟ་	OTHER
ཉིད་	ཉིད་	DET
དུ་	ལ་	PART
བསྩལ་	བསྩལ་	NO_POS
ཞིང་	ཅིང་	PART
བརྟན་པ་	བརྟན་པ་	VERB
ར་	ལ་	PART
མཛོད་	མཛོད་	NOUN
།		PUNCT
		
།		PUNCT
ཨོཾ་	ཨོཾ་	X
ཨཱཿ་		NON_WORD
ཧཱུྃ་		NON_WORD
བཛྲ་	བཛྲ་	NO_POS
མ་	མ་	PART
ཧཱ་		NON_WORD
གུ་རུ་	གུ་རུ་	PROPN
ཀཱ་	ཀཱ་	NO_POS
ཡ་	ཡ་	NOUN
ཝཱ་	ཝཱ་	NO_POS
ཀ་	ཀ་	DET
ཙིཏྟ་		NON_WORD
སརྦ་	སརྦ་	NO_POS
སིདྡྷི་		NON_WORD
ཕ་ལ་	ཕ་ལ་	NO_POS
ཧཱུྃ་		NON_WORD
།		PUNCT
དངོས་གྲུབ་	དངོས་གྲུབ་	NOUN
བླང་	བླང་	NO_POS
ཞིང་	ཅིང་	PART
ནོངས་པ་	ནོངས་པ་	VERB
བཤགས་	བཤགས་	NO_POS
།		PUNCT
		
།		PUNCT
ཚོགས་	ཚོགས་	NOUN
མགྲོན་	མགྲོན་	NOUN
རྟེན་	རྟེན་	NOUN
ཡོད་	ཡོད་	VERB
ན་	ལ་	PART
བརྟན་བཞུགས་	བརྟན་བཞུགས་	OTHER
བྱ་	བྱ་	VERB
།		PUNCT
དབང་	དབང་	NOUN
བླང་	བླང་	NO_POS
དང་	དང་	NO_POS
བླ་མ་	བླ་མ་	NOUN
བསྡུ་	བསྡུ་	VERB
བསྟིམ་	བསྟིམ་	NO_POS
ནི་	ནི་	NO_POS
བླ་	བླ་	NOUN
རྣམ་	རྣམ་	NOUN
གཞུང་	གཞུང་	NOUN
ལྟ་	ལྟ་	OTHER
བྱ་	བྱ་	VERB
།		PUNCT
བསྔོ་སྨོན་	བསྔོ་སྨོན་	NO_POS
ནི་	ནི་	NO_POS
།		PUNCT
བདག་	བདག་	PRON
སོགས་	སོགས་	DET
མཁའ་མཉམ་	མཁའ་མཉམ་	OTHER
འགྲོ་བ་	འགྲོ་བ་	VERB
ཀུན་	ཀུན་	DET
།		PUNCT
		
།		PUNCT
སྐྱེ་	སྐྱེ་	NOUN
ཀུན་	ཀུན་	DET
གུ་རུ་	གུ་རུ་	PROPN
ས་	གིས་	PART
རྗེས་སུ་	རྗེས་སུ་	OTHER
བཟུང་	བཟུང་	NO_POS
།		PUNCT
		
།		PUNCT
སྨིན་གྲོལ་	སྨིན་གྲོལ་	NOUN
བདུད་རྩི་	བདུད་རྩི་	NOUN
འི་	གི་	PART
རྒྱུད་	རྒྱུད་	NOUN
ཕྱུག་	ཕྱུག་	VERB
སྟེ་	སྟེ་	PART
།		PUNCT
		
།		PUNCT
སྐུ་བཞི་	སྐུ་བཞི་	OTHER
འི་	གི་	PART
གོ་འཕང་	གོ་འཕང་	NOUN
མྱུར་	མྱུར་	VERB
ཐོབ་	ཐོབ་	VERB
ཤོག་	ཤོག་	VERB
		
།		PUNCT
ཤིས་བརྗོད་	ཤིས་བརྗོད་	OTHER
ནི་	ནི་	NO_POS
།		PUNCT
བརྒྱུད་	བརྒྱུད་	NO_POS
གསུམ་	གསུམ་	NUM
བླ་མ་	བླ་མ་	NOUN
འི་	གི་	PART
སྤྲིན་ཕུང་	སྤྲིན་ཕུང་	NOUN
འཁྲིགས་	འཁྲིགས་	NO_POS
།		PUNCT
		
།		PUNCT
ཡི་དམ་	ཡི་དམ་	NOUN
དངོས་གྲུབ་	དངོས་གྲུབ་	NOUN
སྦྲང་ཆར་	སྦྲང་ཆར་	NOUN
འབེབས་	འབེབས་	VERB
།		PUNCT
		
།		PUNCT
མཁའ་འགྲོ་	མཁའ་འགྲོ་	NOUN
ཆོས་སྐྱོང་	ཆོས་སྐྱོང་	NOUN
འབྲུག་སྒྲ་	འབྲུག་སྒྲ་	NOUN
སྒྲོགས་	སྒྲོགས་	VERB
།		PUNCT
		
།		PUNCT
སྲིད་ཞི་	སྲིད་ཞི་	NOUN
འི་	གི་	PART
དགེ་མཚན་	དགེ་མཚན་	OTHER
རྒྱ་	རྒྱ་	VERB
གྱུར་ཅིག་	གྱུར་ཅིག་	NO_POS
		
།		PUNCT
ཅེས་	ཅེས་	PART
སོགས་	སོགས་	DET
ཤིས་པ་	ཤིས་པ་	VERB
བརྗོད་	བརྗོད་	VERB
ལ་	ལ་	PART
རྒྱུན་	རྒྱུན་	NOUN
གྱི་	གི་	PART
ལམ་	གམ་	PART
ཁྱེ་	ཁྱེ་	VERB
ལ་	ལ་	PART
འཇུག་	འཇུག་	VERB
གོ་	གོ་	PART
		
།		PUNCT
ཞེས་་	ཞེས་པ་	PART
འང་	ཀྱང་	PART
སྡེ་དགེ་	སྡེ་དགེ་	OTHER
ལྷ་	ལྷ་	NOUN
རིགས་སྲས་	རིགས་སྲས་	NO_POS
མོ་	གོ་	PART
གཡུ་	གཡུ་	NOUN
སྒྲོན་	སྒྲོན་	NOUN
ན་	ནས་	PART
རྟེན་	རྟེན་	NOUN
དང་	དང་	NO_POS
བཅའ་	བཅའ་	VERB
ཏེ་	སྟེ་	PART
གསུང་	གསུང་	VERB
གིས་	གིས་	PART
བསྐུལ་བ་	བསྐུལ་བ་	VERB
དང་	དང་	NO_POS
།		PUNCT
		
མཁྱེན་གཟིགས་	མཁྱེན་གཟིགས་	OTHER
མཆོག་སྤྲུལ་	མཆོག་སྤྲུལ་	OTHER
རིན་པོ་ཆེ་	རིན་པོ་ཆེ་	ADJ
མངྒ་		NON_WORD
ལ་	ལ་	ADP
ས་	གིས་	PART
ཀྱང་	ཀྱང་	PART
བྲིས་	བྲིས་	VERB
ན་	ལ་	PART
ལེགས་པ་	ལེགས་པ་	VERB
འི་	གི་	PART
གསུང་	གསུང་	VERB
བསྐུལ་	བསྐུལ་	VERB
ངོ་	ངོ་	PART
ར་	ལ་	PART
།		PUNCT
དེ་འཕྲལ་	དེ་འཕྲལ་	NO_POS
ཉིད་	ཉིད་	DET
དུ་	ལ་	PART
འཇམ་དབྱངས་	འཇམ་དབྱངས་	PROPN
བློ་གྲོས་	བློ་གྲོས་	NOUN
རྒྱ་མཚོ་	རྒྱ་མཚོ་	NOUN
འམ་	གམ་	PART
པདྨ་	པདྨ་	NOUN
ཡེ་ཤེས་	ཡེ་ཤེས་	NOUN
རྡོ་རྗེ་	རྡོ་རྗེ་	NOUN
ས་	གིས་	PART
ཞུ་	ཞུ་	VERB
རིམ་བཞིན་	རིམ་བཞིན་	NO_POS
མཆོག་སྤྲུལ་	མཆོག་སྤྲུལ་	OTHER
རིན་པོ་ཆེ་	རིན་པོ་ཆེ་	ADJ
ས་	གིས་	PART
ཡི་གེ་	ཡི་གེ་	NOUN
ར་	ལ་	PART
མཛད་པ་	མཛད་པ་	VERB
འདི་	འདི་	DET
ས་	གིས་	PART
ཀྱང་	ཀྱང་	PART
རང་གཞན་	རང་གཞན་	NOUN
གྱིས་	གིས་	PART
རྒྱུད་	རྒྱུད་	NOUN
ལ་	ལ་	PART
ཚོགས་	ཚོགས་	NOUN
གཉིས་	གཉིས་	NUM
རླབས་པོ་ཆེ་	རླབས་པོ་ཆེ་	OTHER
གོང་	གོང་	NOUN
དུ་	ལ་	PART
འཕེལ་བ་	འཕེལ་བ་	VERB
འི་	གི་	PART
རྒྱུ་	རྒྱུ་	NOUN
ར་	ལ་	PART
གྱུར་ཅིག་	གྱུར་ཅིག་	NO_POS
།		PUNCT
སརྦ་	སརྦ་	NO_POS
དཱ་		NON_WORD
ཀ་	ཀ་	DET
ལྱཱ་		NON_WORD
ཎཾ་		NON_WORD
བྷ་	བྷ་	NO_POS
ཝ་	ཝ་	OTHER
ཏུ་	ལ་	PART
"༎
༎"		PUNCT
